IDBarragem;NMBarragem;Latitude;Longitude
8391;Barragem Rio Fiorita;-28.58685194;-49.44321528
8412;Barragem Lauro Muller;-28.40961111;-49.42775000
9100;Vargem Grande;-20.18186111;-43.86700000
9581;Barragem Lauro Muller - Bacia 4;;
9730;Barragem 01;;
9731;Barragem 02;;
8560;SP1;-1.68291667;-56.41816667
9156;Unidade II;-18.14972222;-47.80750000
9157;Unidade I;-18.14666667;-47.80527778
9158;Unidade IIB;-18.14458056;-47.81122472
9262;Barragem 01;-16.18425556;-56.43501111
9471;Unidade IB;;
9493;Barragem AFGM GP2;;
9662;Barragem T08;;
10185;Barragem do Vené II;-1.30635241;-45.76123982
9147;Barragem de Rejeitos do Córrego Baco Pari;-14.20589083;-49.40621472
9189;BARRAGEM USINA/CIP - LAGO 4;-11.44805556;-39.09805556
8182;BARRAGEM DE FLOTAÇÃO;-11.00344444;-39.28702778
8183;BARRAGEM DE LIXIVIAÇÃO;-11.00363889;-39.30083333
8710;Sítio Horii;-23.62108333;-46.24758333
9187;BARRAGEM USINA/CIP - LAGO 1 E 2;-11.44972222;-39.08972222
9188;BARRAGEM USINA/CIP - LAGO 3;-11.44713389;-39.07119583
8291;Barragem MSG;-14.56108972;-49.96019583
8547;Barrragem do Vené;-1.30364580;-45.75856554
8631;Barragem da Cava;-0.89768694;-52.37897083
8641;CALCINADOS;-19.96361111;-43.83888889
8667;CONTENÇÃO DE REJEITOS DE CUIABÁ;-19.86578194;-43.72755972
9228;Cava Pedrinhas;-10.54500000;-40.41455556
10336;BARRAGEM MANAH 1;;
8318;Conceição;-19.64758333;-43.27413889
8369;Diogo;-19.92994222;-43.19619389
8431;Barragem Eustáquio;-17.14608889;-46.90219167
8434;Tanque Específico IX-B;-17.17414444;-46.87909722
8436;Tanque Específico X;-17.17543611;-46.88776944
8437;Tanque Específico XI;-17.17240833;-46.88331111
8438;Tanque Específico XII;-17.18227222;-46.89880000
8456;VI;-20.11905556;-44.12441667
8732;Barragem Santa Rita;-14.18910889;-39.69714083
8911;Cachoeirinha;-20.15272222;-43.96544444
9120;Bacia de Finos da Mina do Recreio;-30.14566139;-52.00377528
9136;BARRAGEM DO SOSSEGO;-6.42910889;-50.07015389
